City_EN,Prov_EN,City_CN,PM10_Poll_Ind,PM10,PM2.5_Poll_Ind,PM2.5,CO_Poll_Ind,CO,NO2_Poll_Ind,NO2,O3_Poll_Ind,O3,SO2_Poll_Ind,SO2,Population,Urban_Area_Sq_Km,Pop_Dens_Proxy,Green_Space,Urban_Rail_Ind,Industrial_Manufacturing,Road_Street_Trans,Arable_Land,T_C_0129,T_C_0130,T_C_0131,T_C_0201,T_C_0202,T_C_0203,T_C_0204,T_C_0205,T_C_0206,T_C_0207,T_C_0208,T_C_0209,T_C_0210,T_C_0211,T_C_0212,T_C_0213,T_C_0214,T_C_0215
Beijing,Beijing,??,0,55,0,33.70833333,0,0.792916667,0,48.875,0,10.29166667,0,6.708333333,1863.4,16410,0.113552712,116.24,1,263.09,271.62,6.12,114,132,156,183,212,228,253,274,297,315,326,337,342,352,366,372,375,380
Tianjin,Tianjin,??,0,94.5,0,59.75,1,1.157083333,0,72.91666667,0,10.04166667,0,14.20833333,1296.81,2585.19,0.501630441,115.75,1,222.38,141.87,15.21,27,31,32,41,48,60,67,69,79,81,88,91,95,106,112,119,120,122
Shijiazhuang,Hebei,???,1,135.1666667,1,69,1,1.489166667,0,63.875,0,11.75,0,26.20833333,281.16,518.81,0.541932499,10.01,1,7.04,9.59,1.99,11,11,12,13,16,21,21,24,24,24,24,25,27,27,27,27,27,28
Tangshan,Hebei,??,1,133.4583333,1,70.625,1,1.882083333,0,69.625,0,11.16666667,0,35.20833333,193.99,289.07,0.671083129,44.5,0,43.42,36.8,0,3,7,8,11,11,11,12,17,19,23,27,28,31,33,35,43,46,51
Qinhuangdao,Hebei,???,0,74.41666667,0,39.5,1,1.389583333,0,44.75,0,22.20833333,0,25.41666667,100.9,330.25,0.305526117,26.5,0,15,23,0.16,0,0,1,1,2,2,3,3,5,7,7,7,9,9,9,9,10,10
Handan,Hebei,??,0,98.54166667,0,52.375,1,0.885833333,0,46.20833333,0,18.125,0,14.04166667,194.78,556,0.350323741,16.25,0,16.1,18.21,5.87,6,7,10,11,11,14,14,18,22,26,27,27,27,29,31,31,31,31
Xingtai,Hebei,??,1,108.125,0,55.54166667,1,1.219583333,0,55.75,0,11.95833333,0,23.83333333,90.52,114.8,0.788501742,8.71,0,17.69,19.34,0,5,7,10,10,14,16,16,19,19,21,21,21,21,21,21,22,22,22
Baoding,Hebei,??,1,106.9583333,0,52.91666667,1,1.145,0,62.83333333,0,10.66666667,0,20.33333333,143.46,344.93,0.415910475,15.17,0,46.85,24.09,2.52,7,11,11,13,13,13,17,17,18,18,21,26,30,31,31,31,32,32
Zhangjiakou,Hebei,???,0,56.625,0,31.58333333,1,0.98625,0,37.58333333,0,36.91666667,0,23.54166667,100.63,407.45,0.246975089,26.02,0,6.67,21.52,0.31,6,6,8,9,9,9,10,12,13,14,14,17,21,21,25,31,33,34
Chengde,Hebei,??,0,87.5,0,55.95833333,1,1.796666667,0,50.16666667,0,12.29166667,0,27.58333333,55.03,724.03,0.076005138,15.41,0,10.48,10.86,0.55,2,2,2,2,2,3,4,5,6,7,7,7,7,7,7,7,7,7
Cangzhou,Hebei,??,1,104.3333333,1,64.25,1,1.394583333,0,56.08333333,0,17.70833333,0,27.875,56.41,183,0.308251366,12.34,0,11.4,14.53,0.32,12,18,19,19,19,20,20,21,23,28,28,28,32,37,42,45,46,47
Langfang,Hebei,??,0,78.91666667,0,42.75,1,0.907916667,0,59.58333333,0,12,0,11.58333333,50.74,292,0.173767123,13.02,0,7.17,12.84,3.75,9,9,11,11,12,12,13,14,15,20,22,24,26,28,29,29,29,30
Hengshui,Hebei,??,0,98.25,0,56.04166667,1,0.81375,0,46.29166667,0,18.20833333,0,18.70833333,60.98,401.4,0.151918286,14.36,0,6.68,11.01,0.5,4,4,4,4,4,5,5,7,7,7,8,8,8,8,8,8,8,8
Taiyuan,Shanxi,??,1,137.6666667,1,81.33333333,1,1.976666667,0,68.58333333,0,8.041666667,0,57.625,293.46,1000,0.29346,59.93,0,20,61.73,0,3,4,4,6,6,6,9,9,11,12,15,17,18,18,18,18,19,19
Datong,Shanxi,??,1,170.5833333,1,77.58333333,1,3.9025,0,62.875,0,8.791666667,1,84.08333333,122.75,130.2,0.942780338,15.76,0,12.29,25.86,0,4,5,6,8,9,9,9,9,9,10,11,11,11,11,12,12,12,12
Yangquan,Shanxi,??,1,113.2083333,1,63.41666667,1,1.71625,0,60.95833333,0,10.91666667,0,53.91666667,61.91,68.93,0.898157551,4.56,0,11.32,11.37,0,1,1,1,1,2,2,2,3,4,4,4,4,4,4,4,4,4,4
Changzhi,Shanxi,??,0,92.91666667,0,56.79166667,1,1.490416667,0,51.625,0,25.125,0,34.5,71.48,76.2,0.938057743,1.25,0,12.97,8.84,0,3,3,3,3,3,3,3,5,5,5,7,7,7,8,8,8,8,8
Jincheng,Shanxi,??,1,107.375,0,51.29166667,1,1.4,0,42.70833333,0,30.58333333,0,26.625,49.8,143,0.348251748,3.51,0,4,9.5,0,0,0,2,3,6,7,7,7,8,8,8,8,8,8,8,8,8,9
Shuozhou,Shanxi,??,1,255.8333333,1,131.375,1,1.615416667,0,57.45833333,0,11.95833333,1,116.4166667,37.86,176,0.215113636,12.51,0,0.98,10.02,0,3,3,3,3,3,3,4,4,4,4,6,7,7,7,7,7,7,7
Jinzhong,Shanxi,??,1,140.8333333,1,70.41666667,1,1.53125,0,65.79166667,0,9.875,0,75.75,43.54,450,0.096755556,1.35,0,9.87,15.18,0.12,9,9,11,13,15,19,21,26,27,30,32,32,33,34,35,35,35,35
Yuncheng,Shanxi,??,1,132.125,1,87.79166667,1,1.473333333,0,43.70833333,0,26.33333333,0,31.08333333,53,88.9,0.596175478,10.02,0,3.89,7.62,0,7,8,10,10,13,16,17,17,17,17,18,18,19,19,19,19,19,19
Xinzhou,Shanxi,??,1,103.9583333,1,79.125,1,1.42625,0,54.16666667,0,12.20833333,0,40.58333333,27.46,183,0.150054645,8.4,0,1.22,6.95,0,0,0,1,3,3,3,3,3,3,6,6,7,7,7,7,7,7,7
Linfen,Shanxi,??,1,115.7083333,1,78.375,1,1.460833333,0,57.29166667,0,15.29166667,0,56.25,58.16,60,0.969333333,10.52,0,1.3,7.09,1.31,1,1,1,1,1,1,1,1,2,2,2,2,2,2,2,2,2,2
Huhehaote,Neimenggu,????,1,150.2916667,1,107.1666667,1,3.462083333,0,69.95833333,0,13.95833333,0,43.79166667,155.82,265.03,0.587933441,33.22,1,19.36,43.11,6.15,2,2,2,2,4,4,5,5,7,7,7,7,7,7,7,7,7,7
Baotou,Neimenggu,??,1,140.4583333,1,103.1666667,1,3.212083333,0,73.08333333,0,9,0,43.08333333,137.8,885,0.155706215,23.65,0,52.5,24.4,0,3,3,3,5,6,6,7,9,9,9,10,11,11,11,11,11,11,11
Wuhai,Neimenggu,??,1,147.2083333,1,83.95833333,1,1.940833333,0,51.375,0,11.5,0,20.08333333,44.96,67.17,0.669346434,5,1,1.68,6.73,0,0,0,0,1,1,1,2,2,2,2,2,2,2,2,2,2,2,2
Chifeng,Neimenggu,??,1,101.4583333,0,51,1,1.97625,0,50.66666667,0,17.16666667,0,54.08333333,77.55,560,0.138482143,11.06,1,13.7,21.96,0.74,2,2,2,2,2,2,3,3,4,4,4,4,4,5,5,7,7,9
Tongliao,Neimenggu,??,0,83.95833333,0,56.33333333,0,0.574166667,0,43.25,0,40.45833333,0,19.20833333,43.3,75.63,0.572524131,8.05,0,8.16,12.28,0,1,1,1,1,1,1,1,1,2,2,3,3,6,6,6,6,6,6
Hulunbeier,Neimenggu,????,0,32.79166667,0,25.70833333,0,0.472916667,0,16.375,0,42.33333333,0,4.666666667,29.94,252,0.118809524,7.34,0,10.61,9.51,0,2,2,2,2,2,3,3,5,5,5,5,5,5,6,6,6,6,6
Xilinguole,Neimenggu,????,0,28.66666667,0,18.83333333,0,0.552083333,0,16.375,0,57.79166667,0,18.58333333,7.49,36.04,0.207824639,1.55,0,1.42,3.92,0,2,2,2,2,2,2,2,2,2,2,2,5,2,2,3,5,6,6
Wulanchabu,Neimenggu,????,0,61.54166667,0,38.79166667,1,1.164583333,0,58,0,17.79166667,0,34.83333333,25.61,70,0.365857143,6.24,0,6.28,5.82,1.22,0,2,2,2,3,3,3,3,3,3,3,3,3,3,3,3,3,3
Bayannaoer,Neimenggu,????,1,126.5833333,1,71.45833333,1,1.572916667,0,51,0,18.5,0,50.66666667,31.79,80.51,0.394857782,4.44,0,5.61,10.86,0,2,2,3,3,3,3,4,4,4,4,6,6,6,6,6,6,8,8
Shenyang,Liaoning,??,1,113.625,1,79.29166667,1,1.549166667,0,60.45833333,0,16.04166667,0,34.04166667,443.27,1610,0.275322981,80.62,1,162.68,99.9,0,9,10,13,16,13,15,18,23,24,25,26,26,26,28,28,28,28,28
Dalian,Liaoning,??,0,56.875,0,33,1,0.867916667,0,33.83333333,0,32.66666667,0,14.91666667,338.59,1523,0.222317794,49.76,1,116.52,57.27,1.42,5,7,8,10,12,12,13,14,14,14,16,16,16,16,16,17,18,18
Anshan,Liaoning,??,1,188,1,140.625,1,2.766666667,0,69.54166667,0,16.33333333,0,37.33333333,130.11,625.6,0.207976343,8.49,0,54.31,27.94,0.04,0,0,1,0,1,1,1,1,3,3,3,3,3,3,3,3,4,4
Benxi,Liaoning,??,1,117.2916667,1,81.75,1,2.44625,0,58.04166667,0,12.08333333,0,36,81.64,1518,0.053781291,6.45,0,21.9,13.76,0.53,3,3,3,3,3,3,3,3,3,3,3,3,3,3,3,3,3,3
Dandong,Liaoning,??,0,67.91666667,0,49.16666667,1,1.155,0,33.91666667,0,25.25,0,27.41666667,63.38,620.8,0.102094072,11.57,0,22.6,16.48,0.26,5,5,5,6,6,6,6,7,7,7,7,7,7,7,7,7,7,7
Jinzhou,Liaoning,??,1,107.0833333,1,68,1,1.375833333,0,46.41666667,0,24.95833333,0,69.375,95.6,436,0.219266055,11.38,0,24.23,9.1,0,4,4,7,7,7,7,7,7,7,8,10,11,11,12,12,12,12,12
Yingkou,Liaoning,??,1,107.5833333,1,74.25,1,1.566666667,0,54.875,0,19.625,0,24.875,77.45,538.25,0.143892243,23.07,0,50.31,35.86,0.06,1,1,1,1,1,1,1,1,1,1,1,1,1,1,1,1,1,1
Fuxin,Liaoning,??,0,95.58333333,0,58.95833333,1,1.2225,0,33.125,0,36.04166667,0,42.5,75.14,448,0.167723214,10.12,0,18.97,12.47,0,0,0,1,2,3,5,7,7,7,7,7,7,8,8,8,8,8,8
Liaoyang,Liaoning,??,1,157.75,1,130.75,1,2.624583333,0,63.58333333,0,11.16666667,0,37.375,72.77,728,0.099958791,4.57,0,27.34,15.31,2.63,1,1,1,1,2,2,2,2,2,2,3,3,3,3,3,3,3,3
Panjin,Liaoning,??,0,68.45833333,0,36.33333333,1,0.87875,0,38.625,0,31.125,0,20.58333333,74.46,248.11,0.300108823,6.15,0,23.2,18.01,0,3,3,7,5,8,8,8,8,11,11,11,11,11,11,11,11,11,11
Tieling,Liaoning,??,1,115.9166667,1,88.95833333,1,1.009583333,0,55.04166667,0,23.25,0,24.5,38.4,216.15,0.177654407,4.7,0,17.05,11.8,0.07,2,2,2,2,3,3,3,3,3,3,3,4,4,7,7,7,7,7
Chaoyang,Liaoning,??,1,108.5416667,1,70.45833333,1,1.887916667,0,43.91666667,0,24.625,0,41.08333333,57.45,570,0.100789474,3.94,0,18.15,9.26,0,4,5,6,6,6,6,6,6,6,6,6,6,6,6,6,6,6,6
Huludao,Liaoning,???,1,119.7916667,1,65.625,1,1.661666667,0,49.83333333,0,20.04166667,0,59.58333333,68.3,443.77,0.153908556,10.5,0,29.3,19.11,0,4,4,5,5,5,5,6,7,7,9,9,9,9,11,11,11,11,12
Changchun,Jilin,??,0,86.5,1,74.79166667,1,1.147083333,0,52.20833333,0,23.5,0,28.33333333,361.92,3427.42,0.105595462,38.69,1,123.86,83.07,28.17,4,4,6,12,16,17,27,28,31,32,37,39,40,42,42,43,44,45
Jilin,Jilin,??,0,89.66666667,1,72.125,1,1.187916667,0,44.45833333,0,38.25,0,23.91666667,1051.48,6658.72,0.157910229,134.5,1,295.96,210.91,44.11,3,3,3,3,4,5,5,4,3,5,5,5,5,5,5,5,5,5
Siping,Jilin,??,0,98.70833333,0,59.54166667,1,1.313333333,0,48.20833333,0,29.25,0,21.08333333,54.41,118.11,0.460672255,3.35,0,16.33,8.53,0.41,1,1,1,1,4,7,8,9,9,10,12,12,12,12,13,14,14,14
Liaoyuan,Jilin,??,1,103.2083333,1,85.04166667,1,1.68125,0,44.29166667,0,30.5,0,21.33333333,45.06,46.3,0.973218143,1.6,0,8.81,3.4,1.05,0,0,0,0,0,3,3,5,5,6,6,6,6,6,6,6,7,7
Tonghua,Jilin,??,0,94.16666667,1,66.5,1,1.635416667,0,50.20833333,0,16.75,0,31.125,43.39,64.75,0.67011583,5.23,0,8.42,6.47,0,1,1,1,1,1,1,1,1,2,2,3,3,3,3,3,3,3,3
Songyuan,Jilin,??,0,83.08333333,0,54.66666667,1,1.008333333,0,41.41666667,0,29.5,0,11.79166667,40.48,81.8,0.494865526,11.26,0,6.8,9.83,0.21,2,2,2,2,2,2,2,2,2,2,2,2,2,2,2,2,2,2
Baicheng,Jilin,??,0,55.375,0,35.08333333,0,0.675,0,21.625,0,50.16666667,0,14.125,24.22,67.5,0.358814815,3.1,0,11.63,6.15,2.1,0,0,0,0,0,0,0,0,0,1,1,1,1,1,1,1,1,1
Haerbin,Heilongjiang,???,1,100.9166667,1,90.54166667,1,1.015833333,0,44.16666667,0,32.66666667,0,34.45833333,421.4,467.3,0.901776161,41.01,1,96.07,55.95,13.63,13,18,25,34,45,63,73,82,94,100,114,128,146,150,159,164,167,182
Qiqihaer,Heilongjiang,????,0,37.54166667,0,25.41666667,0,0.648333333,0,18.54166667,0,44.16666667,0,24.20833333,107.76,140.81,0.765286556,9.2,0,30.85,19.18,0,3,3,3,3,3,6,20,26,27,27,27,30,32,33,33,36,36,38
Jixi,Heilongjiang,??,0,31.29166667,0,22.29166667,0,0.797916667,0,15.125,0,30.91666667,0,2.958333333,65.77,80.41,0.817933093,7.06,0,10.42,6.75,0.21,1,2,4,4,6,9,12,21,29,31,34,34,38,43,44,44,45,46
Hegang,Heilongjiang,??,0,49.45833333,0,28.625,0,0.564166667,0,8.083333333,0,51.91666667,0,12.125,51.9,85,0.610588235,5.36,0,11.27,9.22,0,1,1,1,1,1,2,2,2,2,3,4,5,5,5,5,5,5,5
Shuangyashan,Heilongjiang,???,0,44.625,0,28.875,0,0.625,0,15.33333333,0,50.91666667,0,17.16666667,44.3,118,0.375423729,12.17,0,9.35,9.34,0.4,1,1,2,4,7,12,16,20,36,36,38,38,38,39,39,48,48,49
Daqing,Heilongjiang,??,0,45.04166667,0,33.29166667,0,0.56,0,25.25,0,41.04166667,0,12.5,115.3,323.03,0.356932793,21.83,0,75.22,68.2,0.27,5,7,8,8,11,11,11,13,13,13,13,13,14,15,15,18,19,19
Yichun,Heilongjiang,??,0,62.29166667,0,54.83333333,1,0.8375,0,23.45833333,0,36.41666667,0,13.29166667,53.9,115,0.468695652,13.89,0,12.55,17.52,0,0,0,0,0,0,0,0,0,0,0,0,0,0,0,0,0,1,1
Jiamusi,Heilongjiang,???,0,42.625,0,36.04166667,0,0.485,0,18.29166667,0,50.08333333,0,11.66666667,58.5,188,0.311170213,17.61,0,15.26,11.37,0,5,8,11,11,11,11,11,12,13,13,13,14,15,15,15,15,15,15
Qitaihe,Heilongjiang,???,0,64.45833333,0,41.875,0,0.7375,0,38.29166667,0,40,0,15.54166667,37.69,67.6,0.557544379,2.7,0,9.23,10.7,0.15,2,3,5,6,7,8,9,9,10,11,13,14,15,15,16,16,16,16
Mudanjiang,Heilongjiang,???,0,69.54166667,0,51.20833333,0,0.749583333,0,33.54166667,0,33.66666667,0,18.41666667,66.5,92.68,0.717522659,3.33,0,19.43,9.71,0,1,2,6,7,8,8,9,10,11,13,12,12,12,12,12,12,12,12
Heihe,Heilongjiang,??,0,20.58333333,0,15.5,0,0.166666667,0,9.041666667,0,62.20833333,0,8.458333333,13.46,27.88,0.482783357,2.91,0,2.13,2.12,0,0,0,0,1,1,1,1,1,1,2,2,4,4,6,10,13,13,14
Suihua,Heilongjiang,??,0,86.91666667,1,80.20833333,0,0.7,0,30.95833333,0,40.66666667,0,21.16666667,35.52,92.77,0.382882397,1.3,0,11.82,6.45,2.22,10,12,13,14,16,22,24,29,39,44,35,37,39,43,45,45,46,46
Shanghai,Shanghai,??,0,23.66666667,0,14.20833333,0,0.418333333,0,41.625,0,41.625,0,6.25,2423.78,6340.5,0.382269537,139.36,1,547.52,137.58,13.03,101,128,153,177,193,208,233,254,269,281,292,295,302,306,313,318,326,328
Nanjing,Jiangsu,??,0,60.04166667,0,35.54166667,0,0.6175,0,55.125,0,22.58333333,0,5.625,622.79,4226.41,0.14735674,81.55,1,163.09,124.49,11.51,19,25,28,35,40,44,47,52,57,65,71,78,84,87,90,91,91,92
Wuxi,Jiangsu,??,0,45.66666667,0,22.58333333,0,0.627083333,0,50.58333333,0,21.83333333,0,6.666666667,225.79,1261.26,0.179019393,33.32,1,70.88,44.52,3.01,10,12,13,19,23,25,26,28,31,34,38,41,45,48,49,51,52,53
Xuzhou,Jiangsu,??,0,78.25,0,55.41666667,0,0.6925,0,38.66666667,0,29.29166667,0,7.583333333,195.76,604.78,0.323687953,33.22,1,60.37,35.43,5.42,15,20,23,30,36,39,45,45,49,52,56,60,63,66,71,76,77,78
Changzhou,Jiangsu,??,0,55.45833333,0,35.66666667,0,0.712083333,0,53.95833333,0,22.91666667,0,9.5,161.83,772.51,0.209485961,36.74,1,88.76,45.25,30.71,10,13,14,15,15,19,24,27,29,31,31,31,31,36,38,43,43,46
Suzhou,Jiangsu,??,0,31.29166667,0,21.08333333,0,0.478333333,0,40.08333333,0,34.45833333,0,2.75,277.08,1523.88,0.181825341,55.99,1,129.06,67.75,4.09,24,32,34,38,44,52,2,60,69,72,75,77,80,84,85,85,86,86
Nantong,Jiangsu,??,0,33.75,0,20.79166667,0,0.454583333,0,31.70833333,0,36.75,0,7.708333333,117.26,398,0.294623116,20.35,1,61.22,36.23,3.63,9,10,12,17,19,22,1,27,29,31,32,33,35,37,38,39,40,40
Lianyungang,Jiangsu,???,0,45.91666667,0,32.20833333,1,0.810416667,0,28.29166667,0,31.625,0,13.41666667,94.37,718.5,0.131343076,8.87,0,52.1,30.03,2.32,6,9,13,13,14,17,20,22,24,27,32,35,37,39,42,45,46,48
Yancheng,Jiangsu,??,0,44.75,0,26.45833333,0,0.405,0,37.75,0,31.875,0,3.083333333,129.67,608.76,0.213006768,5.71,0,55.51,23.54,5.1,6,8,13,15,15,15,15,16,16,17,17,18,18,21,25,26,27,27
Yangzhou,Jiangsu,??,0,63.16666667,0,45.95833333,1,0.810833333,0,52.70833333,0,16.29166667,0,8.083333333,106.78,415.34,0.257090576,30.55,0,37.31,28.94,1.41,8,8,13,13,14,15,15,15,17,17,18,18,18,18,20,20,21,22
Zhenjiang,Jiangsu,??,0,60.83333333,0,41.375,0,0.552916667,0,49.95833333,0,19.45833333,0,9.75,79.25,555.43,0.142682246,16.18,0,38.93,18.77,8.34,2,2,2,3,3,5,6,8,9,11,12,12,12,12,12,12,12,12
Taizhou,Jiangsu,??,0,50.375,0,34.125,0,0.64125,0,31.5,0,37.875,0,6.833333333,84.58,441.44,0.191600217,5.81,0,32.29,24.77,0,9,12,17,17,21,23,26,28,29,30,30,31,34,36,37,37,37,37
Suqian,Jiangsu,??,0,69.83333333,0,56.08333333,0,0.60125,0,38.75,0,23.625,0,6.875,72.3,359.32,0.201213403,8.9,0,27.14,16.92,3.43,4,7,8,8,9,10,11,11,12,12,12,12,12,12,12,12,12,13
Hangzhou,Zhejiang,??,0,82.16666667,0,41.625,0,0.76,0,54.08333333,0,22.16666667,0,6.916666667,386.12,1726.96,0.223583638,72.19,1,88.52,105.36,11.79,69,85,69,110,118,132,141,151,156,162,165,155,157,159,162,165,166,166
Ningbo,Zhejiang,??,0,36.29166667,0,19.16666667,0,0.515416667,0,39.5,0,35.625,0,11.04166667,197.97,1097,0.180464904,28.19,1,127.77,62.32,7.2,41,46,41,66,75,102,120,126,136,141,146,149,151,153,153,153,154,155
Wenzhou,Zhejiang,??,0,47,0,20.83333333,0,0.509583333,0,37.29166667,0,34.75,0,10.25,154.14,849.26,0.181499188,24.95,1,5.76,36.88,2.57,172,227,172,265,291,340,364,396,421,438,448,464,474,481,490,496,499,502
Jiaxing,Zhejiang,??,0,35.66666667,0,19.25,0,0.464583333,0,39.83333333,0,37.04166667,0,7.583333333,44.88,257,0.17463035,20.48,0,25.66,20.99,3.39,16,16,16,19,19,23,27,30,35,37,38,40,40,42,42,42,43,43
Huzhou,Zhejiang,??,0,70.70833333,0,37.54166667,0,0.708333333,0,51.75,0,24.41666667,0,11.91666667,55.52,640.69,0.086656573,5.9,0,31.35,26.83,0.8,5,6,5,6,9,9,9,9,9,10,10,10,10,10,10,10,10,10
Shaoxing,Zhejiang,??,0,64.5,0,33.79166667,1,0.807916667,0,43.04166667,0,24.75,0,5.083333333,100.81,497.04,0.202820699,17.25,1,62.83,31.19,4.46,19,23,19,27,30,30,30,33,34,36,38,41,41,41,41,42,42,42
Jinhua,Zhejiang,??,0,74,0,46.16666667,0,0.614166667,0,55.16666667,0,19.29166667,0,9.416666667,57.91,579.69,0.099898221,12.61,1,24.57,18.63,1.69,20,27,20,34,36,40,44,47,48,52,53,53,53,54,55,55,55,55
Quzhou,Zhejiang,??,0,61.91666667,0,33.875,0,0.638333333,0,45.79166667,0,31.41666667,0,7.625,29.89,200.1,0.149375312,7.3,0,26.99,13.21,1.6,10,12,10,13,14,15,15,15,15,15,15,15,21,21,21,21,21,21
Zhoushan,Zhejiang,??,0,17.75,0,7.916666667,0,0.408333333,0,22.04166667,0,52.20833333,0,7.166666667,51.41,578.7,0.088837049,8.21,0,6.63,10.35,1.29,6,7,6,7,7,7,7,7,7,7,7,7,10,10,10,10,10,10
Taizhou,Zhejiang,??,0,50.375,0,34.125,0,0.64125,0,31.5,0,37.875,0,6.833333333,84.58,441.44,0.191600217,5.81,0,32.29,24.77,0,64,81,64,100,109,115,122,124,129,133,138,141,143,143,144,144,145,146
Lishui,Zhejiang,??,0,57.79166667,0,30.16666667,0,0.685833333,0,33.375,0,28.54166667,0,5.791666667,21.9,266.13,0.08229061,4.33,0,4.36,4.47,0.27,6,7,6,14,16,16,16,16,16,17,17,17,17,17,17,17,17,17
Hefei,Anhui,??,0,74.95833333,0,47.125,0,0.757916667,0,59.375,0,9.208333333,0,7.333333333,227.84,1126.61,0.202235024,78.7,1,81.75,72.08,34.91,39,50,59,59,75,81,93,104,115,128,136,147,150,157,161,166,168,169
Wuhu,Anhui,??,0,63.75,0,57.29166667,0,0.702916667,0,55.5,0,12.54166667,0,8.375,115.2,721.7,0.159623112,43,1,14,38,6.78,14,14,15,16,16,21,23,26,27,29,29,30,31,31,31,31,31,31
Bengbu,Anhui,??,0,75.875,0,50.33333333,0,0.57125,0,43.70833333,0,23.125,0,15.91666667,80.97,365.48,0.221544271,9.47,0,26.1,23.96,2.16,8,15,16,26,37,43,48,64,88,99,115,126,134,141,146,149,153,157
Huainan,Anhui,??,0,83.125,0,55.875,0,0.761666667,0,50.375,0,17.125,0,14.54166667,105.37,469.02,0.224659929,3.23,0,18.65,16.49,4.15,6,6,6,6,7,8,12,12,14,21,22,23,24,24,23,23,23,24
Maanshan,Anhui,???,0,70.91666667,0,55.79166667,0,0.681666667,0,49.875,0,14.58333333,0,9.416666667,59,175.84,0.335532302,7.22,0,33.62,13.5,1.63,14,14,22,27,28,28,30,30,30,31,31,31,32,32,32,34,35,36
Huaibei,Anhui,??,0,76.75,0,52.79166667,0,0.5325,0,36.75,0,33.25,0,8.041666667,63.35,210,0.301666667,9.67,0,19.28,11.46,3.12,2,2,6,6,8,11,14,17,22,22,23,23,24,24,25,25,26,26
Tongling,Anhui,??,0,79.58333333,0,46.20833333,1,0.80625,0,48.41666667,0,23.58333333,0,14,43.44,205.6,0.211284047,5.88,0,23.88,9.77,0,10,14,16,16,18,19,19,20,22,23,24,25,27,27,28,28,28,28
Anqing,Anhui,??,0,58.95833333,0,46.20833333,0,0.6875,0,42.83333333,0,32.20833333,0,13.66666667,57.64,311.5,0.185040128,6.63,0,10.41,10.26,5.6,18,18,37,43,47,55,56,60,66,71,75,78,80,80,80,81,82,82
Huangshan,Anhui,??,0,41.66666667,0,26.41666667,0,0.518333333,0,19.875,0,45.33333333,0,5.875,28.63,461.8,0.061996535,6.67,0,9.95,9.76,1.25,7,9,9,9,9,9,9,9,9,9,9,9,9,9,9,9,9,9
Chuzhou,Anhui,??,0,68.75,0,47.91666667,0,0.730833333,0,63.16666667,0,21.5,0,6.791666667,38.88,282.6,0.137579618,6.16,0,24.05,18.24,4.89,4,4,6,6,8,11,11,11,11,11,11,12,12,12,13,13,13,13
Fuyang,Anhui,??,1,100.7083333,1,69.70833333,0,0.71,0,48.25,0,12.875,0,6.583333333,84.5,338.87,0.249358161,7.19,0,22.52,22.53,27.22,28,38,47,59,65,79,84,95,105,113,118,125,132,138,142,146,150,152
Suzhou,Anhui,??,0,31.29166667,0,21.08333333,0,0.478333333,0,40.08333333,0,34.45833333,0,2.75,277.08,1523.88,0.181825341,55.99,1,129.06,67.75,4.09,10,10,12,14,21,23,24,25,27,28,28,31,33,36,38,39,39,39
Liuan,Anhui,??,0,70,0,41.75,1,0.886666667,0,36.04166667,0,30.70833333,0,6.416666667,44.35,166.12,0.26697568,12.94,0,13.51,11.97,0.87,8,9,13,13,20,30,34,36,41,51,54,57,59,59,60,61,63,65
Bozhou,Anhui,??,0,86.16666667,0,54.66666667,0,0.79375,0,36.75,0,18,0,7.875,33,86.9,0.379746835,5,0,14.3,13.5,8.2,20,20,25,30,39,48,58,66,72,81,87,92,92,97,100,106,107,108
Chizhou,Anhui,??,0,81.41666667,0,41.45833333,1,0.839583333,0,53.75,0,12,0,20.79166667,27.62,252.93,0.109200174,3.41,0,5.55,7.79,1.4,2,4,4,6,6,10,11,11,11,11,12,15,15,16,16,17,17,17
Xuancheng,Anhui,??,0,61.25,0,50.54166667,0,0.690416667,0,51.45833333,0,32.66666667,0,7.166666667,26.62,131.77,0.202018669,5.5,0,17.17,12.68,0,4,4,4,4,4,4,4,5,5,5,5,6,6,6,6,6,6,6
Fuzhou,Fujian,??,0,38.66666667,0,22.625,0,0.433333333,0,26.45833333,0,56.29166667,0,5.041666667,230.4,758.57,0.303729386,18.54,1,31.43,37.91,2.82,30,32,39,44,47,53,55,56,57,57,59,63,63,64,64,66,66,68
Xiamen,Fujian,??,0,25.41666667,0,18.91666667,0,0.508333333,0,17.41666667,0,70.375,0,4.208333333,206.57,389.48,0.530373832,40.39,1,89.44,57.66,0,7,13,17,18,19,20,21,21,23,23,25,28,31,32,34,34,34,34
Putian,Fujian,??,0,38.45833333,0,19.66666667,0,0.47875,0,19.70833333,0,54.58333333,0,7.75,62.8,244,0.257377049,2.1,0,15.69,13.93,2.38,17,22,25,27,34,37,38,42,44,44,47,51,51,52,54,54,55,55
Sanming,Fujian,??,0,29.16666667,0,23,1,0.85125,0,20.41666667,0,29.29166667,0,7.75,22.08,220,0.100363636,1.99,0,10.9,4.85,0,10,10,10,11,11,11,11,11,12,12,12,13,13,13,13,13,13,13
Quanzhou,Fujian,??,0,30,0,18.75,0,0.358333333,0,24.5,0,60.20833333,0,3.958333333,103.4,539,0.191836735,19,0,44.8,22.19,0,18,22,24,29,31,35,37,39,40,40,40,42,43,43,44,44,46,46
Zhangzhou,Fujian,??,0,46.91666667,0,21.5,0,0.727083333,0,34.75,0,32.70833333,0,4.625,44.6,89.31,0.499384168,8.88,0,17.13,8.77,0.16,7,8,11,12,13,13,15,16,16,16,16,16,17,19,19,19,20,20
Nanping,Fujian,??,0,19.45833333,0,17.33333333,0,0.672083333,0,15.625,0,38.79166667,0,4.708333333,30.28,344.72,0.087839406,6.58,0,12.13,4.77,0.19,3,3,8,8,11,11,12,12,12,12,14,18,19,19,20,20,20,20
Longyan,Fujian,??,0,30.95833333,0,22.45833333,0,0.75,0,22.20833333,0,29.91666667,0,7.583333333,45.53,200,0.22765,9.67,0,7.95,13.43,0.57,1,1,1,1,1,2,2,2,4,4,5,6,6,6,6,6,6,6
Ningde,Fujian,??,0,43.33333333,0,26.33333333,0,0.49375,0,22.70833333,0,44.5,0,7.25,20.56,107.5,0.191255814,3.49,0,8.51,5.35,0,8,9,9,9,12,12,14,16,16,16,21,24,24,24,25,25,25,25
Nanchang,Jiangxi,??,0,79.08333333,0,41.375,0,0.795416667,0,48.04166667,0,18.91666667,0,15.5,249.7,358.9,0.695736974,33.05,1,61.1,48.55,6.49,46,67,83,89,103,121,134,149,162,168,179,189,195,204,210,217,222,227
Jingdezhen,Jiangxi,???,0,50.95833333,0,27.45833333,0,0.592916667,0,22.125,0,37.33333333,0,8.416666667,40.88,198.5,0.205944584,9.9,0,20.98,12.97,0.3,2,3,3,3,3,4,4,4,4,4,5,5,5,5,5,5,5,5
Pingxiang,Jiangxi,??,1,119.0833333,1,71.5,1,1.651666667,0,41.70833333,0,20.16666667,0,30.25,42.82,85.7,0.499649942,7.18,0,8.7,7.75,0.1,5,8,9,15,18,20,22,23,24,24,24,25,26,29,29,31,32,32
Jiujiang,Jiangxi,??,0,62,0,46.45833333,0,0.617916667,0,40.25,0,18.29166667,0,13.66666667,73.71,179.53,0.410572049,14.95,0,28.57,18.65,4.22,31,42,43,55,64,78,86,92,95,97,100,101,101,105,109,114,115,117
Xinyu,Jiangxi,??,0,83.375,0,43.375,1,0.806666667,0,39.91666667,0,28.08333333,0,26,47.6,230,0.206956522,21.41,0,8.15,11.91,0.31,11,28,40,43,50,59,69,78,87,95,100,105,110,117,121,124,127,129
Yingtan,Jiangxi,??,0,63.54166667,0,41.95833333,0,0.49,0,41.20833333,0,35.25,0,48.625,29.7,101,0.294059406,6.19,0,7.94,8.31,0.5,3,4,4,8,8,8,9,9,10,11,11,12,14,18,18,18,18,18
Ganzhou,Jiangxi,??,0,84.66666667,0,51.25,1,1.068333333,0,39.5,0,55.25,0,10.41666667,139.55,328.24,0.425146234,30.1,0,26.64,29.34,6.41,21,27,30,34,35,42,48,52,59,64,69,71,72,72,76,76,76,76
Jian,Jiangxi,??,0,84.41666667,0,46.20833333,1,1.243333333,0,32,0,40.54166667,0,16.83333333,41.46,230,0.18026087,5.33,0,15.39,8.22,3.01,5,8,11,12,13,15,15,15,16,17,17,18,19,21,20,20,20,21
Yichun,Jiangxi,??,0,62.29166667,0,54.83333333,1,0.8375,0,23.45833333,0,36.41666667,0,13.29166667,53.9,115,0.468695652,13.89,0,12.55,17.52,0,14,26,29,31,36,45,48,54,62,67,74,77,83,88,95,101,102,104
Fuzhou,Jiangxi,??,0,38.66666667,0,22.625,0,0.433333333,0,26.45833333,0,56.29166667,0,5.041666667,230.4,758.57,0.303729386,18.54,1,31.43,37.91,2.82,13,15,18,24,29,34,44,46,56,59,63,64,67,68,69,71,72,72
Shangrao,Jiangxi,??,0,72.75,0,36.125,0,0.785416667,0,39,0,34.04166667,0,18.58333333,69.86,92.01,0.759265297,16.5,1,3.69,17.22,0,11,12,16,19,32,50,69,78,86,92,98,103,111,116,119,122,123,123
Jinan,Shandong,??,0,84.29166667,0,49.83333333,1,0.909583333,0,41.79166667,0,31.58333333,0,21.70833333,345.97,1665.87,0.207681272,41.91,1,91.62,77.68,9.68,14,16,18,19,22,25,29,33,39,42,42,44,46,47,47,47,47,47
Qingdao,Shandong,??,0,61.33333333,0,36.66666667,0,0.705833333,0,42.58333333,0,31.29166667,0,10,406,3089.18,0.131426463,55.64,1,176.15,81.96,4.98,18,21,21,22,25,29,34,41,43,46,47,52,53,53,53,53,56,57
Zibo,Shandong,??,0,96.58333333,0,58.04166667,1,1.324583333,0,48.16666667,0,27,0,32.625,172.19,705.1,0.244206496,18.77,0,78.91,35.09,4.25,6,8,10,12,12,12,14,14,15,15,16,16,19,20,23,26,28,29
Zaozhuang,Shandong,??,0,99.70833333,1,62.5,0,0.76,0,36.41666667,0,30.33333333,0,15.08333333,97.07,349.46,0.277771419,13.42,0,24.76,16.45,0.43,8,9,11,14,15,16,17,17,19,19,21,21,23,23,23,23,24,24
Yantai,Shandong,??,0,84.91666667,0,55.83333333,1,1.059583333,0,47.79166667,0,27.83333333,0,17.33333333,154.3,914,0.168818381,34.79,0,62.91,34.29,2.19,13,18,20,20,22,26,26,29,31,34,36,39,41,43,46,46,46,46
Weifang,Shandong,??,0,98.79166667,1,60.625,1,0.809166667,0,50.25,0,18.75,0,12.54166667,129.06,1186.54,0.108770037,21.91,0,35.03,27.65,13.44,7,8,9,10,13,13,16,21,27,29,34,37,38,38,38,41,42,43
Jining,Shandong,??,0,84.70833333,1,64.91666667,1,0.814583333,0,48.54166667,0,21.20833333,0,17.66666667,143.15,883.87,0.161958207,17.26,0,50.82,30.65,0,8,8,10,14,18,21,23,32,35,38,39,39,41,42,43,46,49,51
Taian,Shandong,??,0,89.70833333,0,58.04166667,0,0.7075,0,37.41666667,0,28,0,18.875,83.87,587.63,0.142725865,9.84,0,38.4,23.1,0.56,3,3,5,9,11,12,14,18,20,20,23,26,32,32,32,32,32,32
Weihai,Shandong,??,0,61.5,0,39.5,0,0.798333333,0,27,0,41.45833333,0,9.541666667,80.89,631.42,0.128108074,15.04,0,53.02,31,1.83,14,19,24,24,25,25,27,28,30,32,34,35,37,38,38,38,38,38
Rizhao,Shandong,??,0,96.79166667,0,53.54166667,1,1.166666667,0,52.79166667,0,20.83333333,0,23.16666667,74.82,403.7,0.185335645,9.35,0,21.22,26.28,3.6,8,9,10,11,12,14,14,14,14,14,15,15,15,15,15,15,15,16
Linyi,Shandong,??,1,107.2916667,1,70.45833333,1,0.958333333,0,49.75,0,21.41666667,0,20.75,184.71,1277.63,0.144572372,37.62,0,36.91,25.86,2.46,16,20,23,24,24,27,30,32,35,38,40,42,44,45,45,47,47,47
Dezhou,Shandong,??,0,99.04166667,0,59,1,0.915,0,43.875,0,23.75,0,16.66666667,80.82,602,0.134252492,15.85,0,42.34,22.73,0.65,11,16,17,19,19,19,19,26,27,28,30,32,32,33,35,35,36,37
Liaocheng,Shandong,??,0,89.20833333,0,52.75,0,0.755,0,46.04166667,0,27.16666667,0,13.29166667,79.99,439.87,0.181849183,6.3,0,24.97,20.68,1.3,5,7,7,9,9,10,12,15,20,27,33,34,37,38,38,38,38,38
Binzhou,Shandong,??,1,101.375,1,64.125,1,1.55125,0,63.29166667,0,15.91666667,0,32.79166667,77.05,799.9,0.096324541,20.48,0,33.82,20.55,0,7,9,9,10,10,11,11,11,11,11,11,11,11,12,12,14,14,14
Heze,Shandong,??,0,94.83333333,0,46.70833333,0,0.476666667,0,35.54166667,0,23.66666667,0,10.66666667,91.08,444.56,0.204876732,12.1,0,33.25,21.99,3.77,7,7,8,8,9,10,12,12,13,14,14,16,17,18,18,18,18,18
Zhengzhou,Henan,??,0,78.16666667,0,50.91666667,1,0.825416667,0,47.875,0,24.75,0,10.625,374.05,572.56,0.653293978,116.14,1,45.63,97.6,0,46,50,56,65,72,85,92,102,112,120,126,130,132,137,141,142,144,148
Kaifeng,Henan,??,0,86.83333333,1,70.25,0,0.688333333,0,34.70833333,0,27.20833333,0,10.75,99.1,192.25,0.515474642,13.39,0,26.13,20.92,3.86,4,6,8,11,11,12,17,18,20,21,24,24,25,25,25,25,25,26
Luoyang,Henan,??,0,98.16666667,0,50.75,0,0.649166667,0,46.54166667,0,18.45833333,0,16.58333333,206.7,331.42,0.623679923,40.14,0,38.95,34.17,2.8,2,3,5,7,7,12,17,21,24,25,25,27,28,29,30,30,31,31
Pingdingshan,Henan,???,0,96.70833333,0,59.45833333,1,0.85625,0,44.04166667,0,16.45833333,0,11.83333333,94.55,260.03,0.363611891,14.82,0,9.54,12.43,0,8,10,11,14,19,28,34,41,46,48,50,52,54,55,56,57,58,58
Anyang,Henan,??,0,89.70833333,0,57,1,1.165416667,0,55.16666667,0,16.5,0,20.08333333,75.48,153,0.493333333,15.28,0,9.28,16.35,0,16,20,24,24,29,33,35,37,40,43,44,45,46,49,50,50,51,51
Hebi,Henan,??,0,89.125,0,51.29166667,1,1.175833333,0,48.91666667,0,20.25,0,19.16666667,47.28,130.42,0.362521086,9.62,0,16.41,9.69,0,6,6,6,8,8,10,10,10,11,13,17,17,18,19,19,19,19,19
Xinxiang,Henan,??,0,77.58333333,0,42.91666667,0,0.637916667,0,48.125,0,21.125,0,12.66666667,78.78,140,0.562714286,25.29,0,11.08,13.22,0,11,15,21,21,27,33,39,41,41,43,44,46,48,53,54,55,55,56
Jiaozuo,Henan,??,0,97.16666667,0,49.79166667,1,0.881666667,0,48.95833333,0,16.45833333,0,16.875,80.1,140,0.572142857,16.09,0,24.22,14.19,0,2,2,2,7,8,12,15,17,18,20,24,25,28,28,29,29,30,30
Puyang,Henan,??,0,77.33333333,0,59,0,0.74125,0,33.91666667,0,35.54166667,0,11,58.5,153.56,0.380958583,13.08,0,4.7,9.26,0,1,3,3,3,3,4,4,5,5,7,9,10,11,13,13,13,17,17
Xuchang,Henan,??,0,82.04166667,1,76.25,1,0.994166667,0,44.20833333,0,9.708333333,0,10.66666667,46.2,190,0.243157895,13.79,0,10.44,14.93,0,3,8,12,13,15,19,24,26,28,30,31,31,32,34,34,37,37,38
Luohe,Henan,??,1,105.9166667,1,77.33333333,0,0.535416667,0,41.66666667,0,13,0,8.458333333,60.44,106.82,0.565811646,16.05,0,5.73,12.01,3.04,11,13,14,16,20,23,24,26,26,29,30,30,31,33,33,33,34,34
Sanmenxia,Henan,???,0,83.29166667,0,55.125,1,0.963333333,0,43.54166667,0,13.875,0,15.75,47.32,73,0.648219178,10.86,0,5.15,8.09,0,5,6,7,7,7,7,7,7,7,7,7,7,7,7,7,7,7,7
Nanyang,Henan,??,1,108.5,1,74.70833333,1,0.91625,0,38.08333333,0,18.875,0,12.08333333,124.41,640.77,0.19415703,17.94,0,24.1,27.36,1,51,61,66,62,84,99,107,111,118,128,133,134,136,138,145,146,150,151
Shangqiu,Henan,??,0,72,0,56.66666667,0,0.700833333,0,28.125,0,22.54166667,0,6.958333333,96.38,103,0.935728155,30.56,0,1.39,11.3,0,18,27,29,36,50,60,61,65,72,76,82,83,86,86,87,88,90,91
Xinyang,Henan,??,1,105.9166667,1,73.41666667,0,0.799166667,0,49.41666667,0,8.708333333,0,7.333333333,57.82,259.51,0.222804516,10.32,0,16.85,16.13,0,42,49,70,88,99,112,138,164,176,192,205,220,228,231,240,243,252,261
Zhoukou,Henan,??,0,88.70833333,1,74.875,0,0.6675,0,38.79166667,0,14.04166667,0,10.08333333,38.46,100,0.3846,7.52,0,5.25,11.05,0,25,36,38,40,47,52,56,59,60,62,62,65,65,66,68,69,70,71
Zhumadian,Henan,???,0,90.66666667,1,60.91666667,0,0.670416667,0,40.54166667,0,13.95833333,0,7.458333333,46.88,185,0.253405405,3.56,0,9.02,12.13,0,25,30,40,46,58,72,82,98,106,113,116,123,126,128,134,137,138,138
Wuhan,Hubei,??,0,75.875,0,45.08333333,1,0.998333333,0,57.95833333,0,8.458333333,0,11.625,604,1452,0.415977961,48.12,1,217.95,134.01,10.49,2261,2639,3215,4109,5142,6384,8351,10117,11618,13603,14982,16902,18454,19558,32994,35991,37914,39462
Huangshi,Hubei,??,0,70.66666667,0,31.79166667,0,0.796666667,0,43.83333333,0,25.125,0,13.5,85.15,233.8,0.364200171,7.88,0,21.99,17.9,0,113,168,209,252,334,405,509,566,635,703,760,805,835,874,911,943,980,988
Shiyan,Hubei,??,0,79.91666667,0,41.5,0,0.706666667,0,38.66666667,0,22.58333333,0,6.958333333,59.06,410.5,0.143873325,9.76,0,33.89,12.4,0,119,150,177,212,256,291,318,353,395,438,467,481,505,536,562,586,597,602
Yichang,Hubei,??,1,130.9583333,1,109.3333333,1,0.884166667,0,35.04166667,0,21.83333333,0,10.58333333,80.22,541,0.148280961,16.8,0,38.52,30.43,0.69,117,167,276,353,392,452,496,563,610,633,711,749,772,784,810,877,906,901
Ezhou,Hubei,??,0,75.91666667,0,35.25,1,1.35,0,48.625,0,16.79166667,0,18.16666667,43.79,247,0.177287449,12.5,0,15,5.4,0,123,189,227,278,306,332,382,423,471,569,639,725,790,861,1065,1125,1192,1230
Jingmen,Hubei,??,1,106.125,1,78,0,0.755833333,0,39.95833333,0,20.66666667,0,13.16666667,47.65,248.7,0.191596301,10.69,0,11.9,12.08,0,191,227,251,329,345,400,422,508,553,588,663,641,656,696,927,901,902,909
Xiaogan,Hubei,??,0,76.33333333,0,46.95833333,1,0.93125,0,38.45833333,0,11.29166667,0,9.541666667,55.31,115.25,0.479913232,4.02,0,14.1,10.54,3.16,399,541,628,749,918,1120,1462,1886,2141,2313,2436,2541,2642,2751,2874,3009,3114,3201
Jingzhou,Hubei,??,1,110.5,1,65.20833333,1,0.832083333,0,43.375,0,9.333333333,0,15.79166667,82.92,89.44,0.927101968,11.29,0,21.51,13.84,0.38,151,221,287,333,499,613,713,801,885,941,997,1045,1075,1110,1431,1447,1478,1490
Huanggang,Hubei,??,0,74.70833333,0,34.83333333,0,0.720833333,0,44.04166667,0,24.375,0,17.29166667,31.04,52.22,0.594408273,5.81,0,8.66,10.01,0,496,573,726,1002,1246,1422,1645,1807,1897,2041,2141,2252,2332,2398,2662,2791,2817,2823
Xianning,Hubei,??,0,63.625,0,42,1,0.90875,0,29.41666667,0,21.875,0,9.875,36.62,165,0.221939394,5.35,0,13.28,6.35,0,130,166,206,246,296,348,384,399,443,476,493,507,515,525,534,732,840,852
Suizhou,Hubei,??,0,82.375,0,50.83333333,0,0.715,0,33.33333333,0,25.20833333,0,6.666666667,47.69,236.61,0.201555302,4.9,0,20.85,10.3,0.61,143,228,304,384,458,641,706,834,915,953,984,1049,1095,1129,1160,1206,1232,1254
Changsha,Hunan,??,0,77.375,1,76.375,1,1.065833333,0,41.70833333,0,6.25,0,5.666666667,374.43,1199.84,0.312066609,42.78,1,33.64,62.57,2.94,57,68,86,112,125,148,164,179,190,196,205,213,219,223,228,238,241,241
Zhuzhou,Hunan,??,1,120,1,86.875,1,0.986666667,0,50.33333333,0,7.208333333,0,15.29166667,115.26,862.69,0.133605351,0,0,33.33,27.72,0,18,19,22,25,26,34,38,41,46,48,58,61,68,71,75,77,78,78
Xiangtan,Hunan,??,1,111.6666667,1,85.875,1,1.00125,0,47.66666667,0,8.041666667,0,9.458333333,78.84,169.02,0.466453674,5.33,0,12.89,12.38,2.12,9,10,13,16,19,21,23,24,25,28,28,31,32,32,32,34,35,35
Hengyang,Hunan,??,1,140.3333333,1,109.375,1,1.358333333,0,42.75,0,6.708333333,0,14.79166667,95.45,518,0.184266409,8.31,0,29.7,19.5,1.92,20,25,26,30,32,35,39,43,43,43,45,45,45,45,45,46,47,47
Shaoyang,Hunan,??,1,100.8333333,1,91.91666667,1,1.178333333,0,36.875,0,6.583333333,0,15.75,64,83,0.771084337,13.52,0,4.85,6.35,0.21,29,36,41,49,51,55,68,74,83,86,87,89,91,94,99,100,100,101
Yueyang,Hunan,??,0,90.54166667,1,67.58333333,1,1.020416667,0,41.20833333,0,8.25,0,9.166666667,86.5,162,0.533950617,13.1,0,19.48,4.1,0,29,37,45,53,70,83,89,93,107,111,115,124,134,146,148,149,153,154
Changde,Hunan,??,0,82.125,1,92.70833333,0,0.6625,0,24.95833333,0,9.791666667,0,4.458333333,74.44,332.07,0.224169603,10.98,0,22.32,18.44,1.83,30,37,39,42,45,50,56,62,64,66,66,72,73,75,77,78,78,79
Zhangjiajie,Hunan,???,1,119.6666667,1,101.625,1,0.879166667,0,26.41666667,0,18.16666667,0,3.833333333,19.31,55.2,0.349818841,1.82,0,1.53,5.41,0.05,1,1,2,3,3,3,3,3,5,5,5,5,5,5,5,5,5,5
Yiyang,Hunan,??,1,113.125,1,87.33333333,1,1.1675,0,30.83333333,0,7.625,0,3.208333333,56.93,109,0.522293578,5.66,0,6.27,2.87,1.48,17,20,24,27,30,35,40,41,43,44,46,53,54,58,59,59,59,59
Chenzhou,Hunan,??,0,65.25,0,50.29166667,1,1.4075,0,38.125,0,11.54166667,0,11.375,65.08,580,0.112206897,3.82,0,6.57,14.29,0.17,10,12,13,18,21,22,24,25,29,31,32,32,33,38,38,39,39,39
Yongzhou,Hunan,??,0,99.16666667,1,72,1,1.268333333,0,39.33333333,0,11.75,0,6.875,48.62,100,0.4862,8.98,0,7.98,9.79,0.31,14,16,18,22,26,26,30,32,38,40,40,41,42,43,43,43,43,43
Huaihua,Hunan,??,0,89.08333333,1,73.29166667,1,1.0925,0,18.125,0,20.625,0,5,37.14,64,0.5803125,4.33,0,2.2,8.7,0,23,26,28,31,32,35,35,36,38,38,39,39,39,39,39,39,40,40
Loudi,Hunan,??,1,116.2083333,1,83.83333333,1,1.099583333,0,26.375,0,7,0,5.666666667,45.8,62.2,0.736334405,4.53,0,11.4,3.54,0,16,20,26,29,35,40,45,51,53,59,64,66,69,69,72,73,75,75
Guangzhou,Guangdong,??,0,64.79166667,0,41.83333333,1,0.942083333,0,39.45833333,0,34,0,8.041666667,665.61,2099.18,0.317080955,26.88,1,192.1,78.98,4.78,79,106,137,175,189,216,237,255,284,298,304,313,317,323,327,328,335,338
Shaoguan,Guangdong,??,0,66.83333333,0,54.66666667,1,1.16875,0,38.20833333,0,50.79166667,0,11.875,63.43,1437.39,0.044128594,8.91,0,28.8,12.3,0,4,4,4,5,5,6,6,6,6,6,6,6,7,7,8,8,10,10
Shenzhen,Guangdong,??,0,68.08333333,0,42.20833333,0,0.730833333,0,25.375,0,42,0,5.541666667,1302.66,1997.47,0.652154976,72.67,1,273.42,237.88,0,86,110,170,196,226,269,289,314,334,351,364,368,375,386,391,400,406,414
Zhuhai,Guangdong,??,0,54.16666667,0,30.33333333,0,0.695416667,0,21.25,0,61.04166667,0,3.5,84.08,790.19,0.106404789,0,1,0,0,0,18,26,38,41,51,64,69,73,73,82,83,85,86,87,89,91,95,96
Shantou,Guangdong,??,0,28.5,0,17.625,0,0.665416667,0,20.08333333,0,74.58333333,0,7.166666667,244.16,281.65,0.866891532,8.12,0,30.6,35.61,0,12,12,14,14,17,18,20,20,22,25,25,25,25,25,25,25,25,25
Foshan,Guangdong,??,0,70.66666667,0,41.95833333,1,0.914583333,0,42.875,0,29.91666667,0,11.75,135.75,555.95,0.244176635,12.93,1,40.49,15.2,0.37,25,32,38,39,43,46,49,50,57,60,65,68,70,78,81,82,84,84
Jiangmen,Guangdong,??,0,75.41666667,0,43.66666667,1,1.069583333,0,48.375,0,32.79166667,0,8.875,96.82,566,0.171060071,13.83,0,44.26,30.78,0.25,1,1,3,3,4,6,7,9,11,14,17,19,20,21,22,22,22,23
Zhanjiang,Guangdong,??,0,42.33333333,0,29.5,0,0.749583333,0,13.5,0,87.54166667,0,5.541666667,91.78,115.5,0.794632035,16.41,0,4.15,15.05,0.56,9,11,13,14,14,15,18,19,19,20,21,21,21,21,21,22,22,22
Maoming,Guangdong,??,0,84.29166667,0,50.375,1,0.920416667,0,20.54166667,0,64.70833333,0,9.416666667,82.59,133.51,0.618605348,8.12,0,20.78,11.99,0,3,3,3,3,4,5,6,6,6,6,9,10,11,13,13,13,13,13
Zhaoqing,Guangdong,??,0,60.29166667,0,41.20833333,1,0.985,0,39.875,0,34.45833333,0,16.33333333,64.09,415.7,0.154173683,7.86,1,31.63,17.68,2.39,5,6,6,7,7,10,11,13,14,14,14,14,15,16,16,17,17,17
Huizhou,Guangdong,??,0,57.79166667,0,42.25,1,0.9425,0,25.5,0,33,0,7.833333333,117.48,1181.65,0.099420302,31.37,0,68.79,33.01,4.59,17,17,20,23,28,29,31,35,39,41,47,50,53,54,55,56,58,58
Meizhou,Guangdong,??,0,43,0,33.375,1,0.95,0,25.625,0,28.79166667,0,8.708333333,43.95,376,0.116888298,6.22,0,5.02,8.1,0.26,5,5,5,6,7,9,10,12,12,13,13,13,13,13,13,14,15,16
Shanwei,Guangdong,??,0,36.58333333,0,26.125,0,0.67125,0,14.75,0,71.70833333,0,8.25,28.66,283.16,0.101214861,1.21,0,4.06,2.99,0.02,1,3,4,4,5,5,5,5,5,5,5,5,5,5,5,5,5,5
Heyuan,Guangdong,??,0,64.875,0,55,1,1.158333333,0,23.70833333,0,26.95833333,0,11.29166667,25.75,40.32,0.638640873,0,0,0,0,0.06,1,1,1,1,1,1,1,1,2,3,3,3,3,3,3,3,3,3
Yangjiang,Guangdong,??,0,80.04166667,1,64.75,1,1.270833333,0,33.66666667,0,42.45833333,0,12.70833333,43.91,425.93,0.103092057,11.22,0,6.67,11.07,0,10,10,10,10,10,12,12,13,13,13,13,13,13,13,13,13,13,13
Qingyuan,Guangdong,??,0,69.66666667,0,55.45833333,1,1.054166667,0,43.83333333,0,41.20833333,0,12.04166667,47.11,311.03,0.151464489,2.36,0,9.83,13.28,0.35,6,6,6,6,6,8,10,10,10,10,10,10,10,12,12,12,12,12
Dongguan,Guangdong,??,0,58.25,0,48.625,1,0.89,0,31.70833333,0,34.04166667,0,10.20833333,231.58,2465,0.093947262,88.39,1,398.44,184.35,1.57,7,16,21,27,31,37,44,47,53,56,58,60,62,67,70,73,81,89
Zhongshan,Guangdong,??,0,57.33333333,0,39.58333333,0,0.77,0,37.16666667,0,39.5,0,5.333333333,53.86,332.37,0.16204832,10.33,0,42.64,14.43,0.82,16,18,18,21,25,31,35,44,46,46,51,56,58,62,64,64,65,65
Chaozhou,Guangdong,??,0,51.66666667,0,34.41666667,1,0.922916667,0,22.08333333,0,53,0,10.83333333,76.91,241.02,0.319102149,13.12,0,11.22,11,0.07,0,0,3,3,4,4,4,5,5,5,5,5,5,5,5,5,5,5
Jieyang,Guangdong,??,0,49.375,0,40.70833333,1,0.872916667,0,22.16666667,0,55.41666667,0,11.41666667,81.48,210.27,0.387501783,11.82,0,59.51,16.3,0.19,6,6,6,6,6,6,6,7,7,7,7,7,8,8,8,8,8,8
Guilin,Guangxi,??,0,72.70833333,0,55.29166667,1,1.490416667,0,35.29166667,0,21.45833333,0,16.16666667,87,612.63,0.142010675,16.37,0,18.52,17.82,1,18,18,21,23,24,24,26,27,28,29,29,30,30,31,31,31,31,31
Wuzhou,Guangxi,??,0,63.75,0,37.08333333,1,1.35875,0,22.08333333,0,47.41666667,0,12,48.51,485.01,0.100018556,4.26,0,10.22,10.82,0.26,4,4,5,5,5,5,5,5,5,5,5,5,5,5,5,5,5,5
Beihai,Guangxi,??,0,64.75,0,44.54166667,1,1.06375,0,18,0,74.41666667,0,10,39.07,957,0.040825496,12.1,0,7.8,18.43,2.66,15,17,23,23,26,27,29,31,31,32,33,35,36,39,39,40,43,43
Fangchenggang,Guangxi,???,0,76.75,0,45,1,0.895,0,30.58333333,0,73.29166667,0,8.958333333,19.02,238.33,0.079805312,6.38,0,9.04,8.7,0.49,5,7,8,8,9,11,13,15,15,16,16,17,17,17,17,17,17,18
Qinzhou,Guangxi,??,0,73.20833333,0,48.91666667,1,1.16125,0,27.875,0,67.45833333,0,14.83333333,32.19,354.38,0.090834697,17.89,0,21.68,14.48,0,1,1,1,2,2,3,4,7,7,8,8,8,8,8,8,8,8,8
Guigang,Guangxi,??,0,78.625,0,48.25,1,1.18375,0,34.25,0,67.45833333,0,13.625,41.09,301.5,0.13628524,8.52,0,17.87,15.32,3.78,0,0,0,4,5,5,5,7,7,7,7,8,8,8,8,8,8,8
Yulin,Guangxi,??,0,75.54166667,0,50,1,1.214583333,0,25.66666667,0,66,0,21.125,57.97,302.04,0.191928221,12,0,1.8,12.35,0.83,2,4,5,7,8,8,8,8,8,9,9,9,9,9,9,9,10,10
Liuzhoudiqu,Guangxi,??,NA,NA,0,0,0,0,0,0,0,0,0,0,128.45,501.78,0.25598868,22.88,#N/A,54.05,43.13,3.89,0,0,0,0,0,0,0,1,2,3,7,11,11,11,11,11,11,11
Hezhoudiqu,Guangxi,??,0,56.04166667,0,42.875,1,0.885416667,0,29.875,0,38.33333333,0,8.75,18.63,78,0.238846154,4.83,0,6.54,6.2,0,1,1,1,3,4,4,4,4,4,4,4,4,4,4,4,4,4,4
Baisediqu,Guangxi,??,0,82.875,0,49,1,1.204166667,0,28.5,0,52.83333333,0,20.83333333,21.14,362.6,0.058301158,7.33,0,7.26,7.06,0,2,2,2,2,2,2,2,2,3,3,3,3,3,3,3,3,3,3
Hechidiqu,Guangxi,??,0,78.45833333,0,54.125,1,1.020833333,0,25.16666667,0,42.20833333,0,9.625,34.54,124,0.278548387,9.97,0,6.36,8.94,1.1,5,6,6,6,6,8,9,11,11,15,19,21,21,21,21,21,22,22
Haikou,Hainan,??,0,28.75,0,11.875,0,0.662083333,0,6.791666667,0,81.875,0,4,120.08,562.4,0.213513514,13.1,0,9.2,27,0,9,9,11,11,13,14,16,16,19,23,23,28,29,29,29,30,33,33
Sanya,Hainan,??,0,17.25,0,8.208333333,0,0.65625,0,5.666666667,0,69.41666667,0,4.416666667,33.54,188,0.178404255,10.93,0,2.43,9.94,0.91,14,14,15,17,17,18,22,30,32,37,40,41,45,46,54,54,54,54
Chongqing,Chongqing,??,0,92.16666667,1,66.45833333,1,0.977916667,0,50.04166667,0,15.41666667,0,10.45833333,1150.52,7440,0.154639785,116.08,1,252.64,243.85,45.36,165,206,238,262,300,337,366,389,411,426,446,468,486,505,518,529,537,544
Chengdu,Sichuan,??,1,124.2083333,1,102.7916667,1,0.92125,0,44.625,0,16.08333333,0,6.291666667,721.62,1281.89,0.562934417,95.91,1,139.17,146.47,6.93,59,69,72,73,77,87,92,97,102,109,120,123,124,125,131,135,139,140
Zigong,Sichuan,??,1,146.2916667,1,118.5,1,1.048333333,0,38.41666667,0,21.91666667,0,8.083333333,104.3,778.32,0.134006578,20.71,0,29.45,13.99,7.08,7,9,9,9,9,9,9,9,9,9,9,9,9,9,9,9,9,9
Panzhihua,Sichuan,???,0,70.95833333,0,45.04166667,1,2.189583333,0,53.79166667,0,26.83333333,0,25.41666667,55.18,342.56,0.16108127,7.9,0,23.33,6.4,0.33,0,1,7,9,10,10,11,11,11,12,13,13,13,13,13,13,13,13
Luzhou,Sichuan,??,1,131.5,1,102.4583333,1,1.1425,0,46.5,0,5.333333333,0,13.95833333,118.43,411.38,0.287884681,39.97,0,26.8,35.89,4.24,5,5,5,6,7,9,10,12,13,13,16,17,18,19,19,19,19,19
Deyang,Sichuan,??,1,118.7083333,1,99.5,1,0.857083333,0,34.58333333,0,17.875,0,3.25,50.69,193.59,0.261842037,5.5,0,23.88,18.64,5.62,3,7,7,10,10,12,12,12,12,13,16,16,16,16,17,17,17,17
Mianyang,Sichuan,??,1,107.5833333,1,83,1,0.807083333,0,35.625,0,26.25,0,5.375,100.31,497,0.201830986,12.31,0,34.71,27.34,0,9,11,12,14,17,17,17,18,19,20,20,21,21,22,22,22,22,22
Guangyuan,Sichuan,??,1,132.25,1,99.58333333,1,1.01625,0,47.66666667,0,9.958333333,0,8.625,36.17,216.7,0.166912783,11.53,0,10.07,9.02,2.02,3,2,2,5,5,6,6,6,6,6,6,6,6,6,6,6,6,6
Suining,Sichuan,??,1,101.25,1,72.5,1,1.022916667,0,33.33333333,0,27.54166667,0,8.666666667,47.66,316,0.150822785,11.04,0,11.51,18.74,2.58,4,5,5,5,5,5,5,5,5,6,8,10,10,10,10,10,10,12
Neijiang,Sichuan,??,1,119.5416667,1,97.58333333,1,1.142916667,0,32.66666667,0,29.20833333,0,4.583333333,60.21,278.93,0.21586061,5.1,0,15.93,15.07,7.47,4,6,10,11,12,15,15,16,17,17,17,17,18,20,21,21,22,22
Leshan,Sichuan,??,1,141.0833333,1,105.0416667,1,0.901666667,0,36.91666667,0,22.75,0,9.75,64.11,349.59,0.183386252,10.91,0,6.33,12.27,0,2,2,2,2,2,2,2,2,3,3,3,3,3,3,3,3,3,3
Nanchong,Sichuan,??,1,109.9583333,1,81.5,1,0.9725,0,34.45833333,0,33.125,0,8.875,107.1,420,0.255,9.71,0,22.2,21.33,0,9,11,16,23,26,27,28,29,30,31,32,33,34,34,35,35,35,35
Meishan,Sichuan,??,1,126.7916667,1,90.54166667,1,1.045833333,0,49.375,0,13.20833333,0,11.04166667,47.21,253.56,0.186188673,3.87,0,7.19,8.84,0.41,0,0,0,0,0,0,0,0,0,6,7,7,7,8,8,8,8,8
Yibin,Sichuan,??,1,147.4583333,1,123.0416667,1,1.125416667,0,41.29166667,0,10.66666667,0,5.833333333,100.38,181.2,0.55397351,16.11,0,27.74,23.56,9.03,5,7,7,7,7,7,7,8,9,9,9,9,9,10,11,11,11,11
Guangan,Sichuan,??,1,101.4166667,1,66.20833333,1,0.99,0,34.83333333,0,21.29166667,0,6.625,31.15,137.2,0.227040816,5.63,0,10.4,7.96,0.63,9,13,16,20,21,24,24,24,27,28,28,28,30,30,30,30,30,30
Dazhou,Sichuan,??,1,136.0833333,1,95.58333333,1,1.205416667,0,47.83333333,0,23.54166667,0,9.458333333,82.66,157.37,0.525258944,17.08,0,5.78,20.35,7.43,6,8,9,9,11,13,17,20,23,25,25,28,30,33,36,36,36,36
Yaan,Sichuan,??,1,112.375,1,86.33333333,1,1.140416667,0,37.20833333,0,18.58333333,0,7.041666667,27.28,196.89,0.138554523,2.37,0,8.5,7.7,0.01,2,3,5,5,5,5,6,6,6,6,6,6,6,6,7,7,7,7
Bazhong,Sichuan,??,0,68.16666667,0,50.25,0,0.746666667,0,30.04166667,0,21.45833333,0,4.625,39.75,160.29,0.247988022,10.09,0,1.51,0.91,0,4,5,8,8,12,12,15,19,20,21,21,22,22,22,22,24,24,24
Ziyang,Sichuan,??,1,109.25,1,82.33333333,1,0.842083333,0,32.79166667,0,35.16666667,0,4.75,27.88,249.23,0.111864543,8.75,0,4.46,6.65,2.74,2,2,2,2,2,2,2,2,2,2,3,3,3,3,3,3,3,3
Guiyang,Guizhou,??,0,43.33333333,0,28.45833333,0,0.660833333,0,19.375,0,40.08333333,0,12.79166667,213.24,1230,0.173365854,46.63,1,60.07,60.54,0,1,1,4,6,0,0,12,15,18,18,22,27,29,29,33,34,34,34
Liupanshui,Guizhou,???,0,50.83333333,0,28.83333333,1,1.332916667,0,20.45833333,0,42.08333333,0,24.70833333,31.04,276.64,0.112203586,6.36,0,6.44,6.84,0,1,4,8,8,9,9,9,9,9,9,10,10,10,10,10,10,10,10
Zunyi,Guizhou,??,0,36.58333333,0,24.54166667,1,0.845416667,0,24.75,0,23.16666667,0,11.04166667,106,531.51,0.199431807,12.5,0,24.9,37.98,0,1,1,4,5,8,9,9,9,12,15,15,19,23,25,25,28,31,32
Anshun,Guizhou,??,0,22.70833333,0,19.20833333,0,0.446666667,0,7.666666667,0,56.625,0,12.25,41.93,154.3,0.271743357,5.65,1,11.29,11.54,0,0,0,0,2,2,2,3,3,4,4,4,4,4,4,4,4,4,4
Tongrendiqu,Guizhou,??,0,78.08333333,1,68,1,1.291666667,0,17.875,0,20.58333333,0,1.791666667,39.82,66,0.603333333,5.46,0,3.9,4.68,0.28,2,2,3,3,6,6,6,6,6,6,7,8,9,10,10,10,10,10
Bijiediqu,Guizhou,??,0,53.41666667,0,39.375,1,1.010416667,0,23.54166667,0,18.75,0,9.375,41.23,170.08,0.242415334,2.1,0,11.56,3.52,1.77,1,1,3,4,4,8,11,13,13,21,21,21,21,22,22,23,23,23
Kunming,Yunnan,??,0,32.66666667,0,19.375,0,0.725,0,28.5,0,35.95833333,0,9.916666667,395.68,1782.6,0.221967912,50.18,1,54.96,51.11,0.68,21,24,30,31,32,34,34,37,40,41,41,42,45,46,46,48,48,49
Qujing,Yunnan,??,0,27.45833333,0,14.75,0,0.59375,0,11.70833333,0,56.58333333,0,5.666666667,74.17,124.28,0.596797554,11.07,0,11.75,16.61,4.49,5,5,5,5,6,8,10,10,10,11,11,11,12,13,13,13,13,13
Yuxi,Yunnan,??,0,30.375,0,18.91666667,1,0.8025,0,19.875,0,33.79166667,0,5.75,35.47,102.02,0.347676926,6.64,0,4.6,11.03,2.84,6,6,7,11,12,12,12,13,13,14,14,14,14,14,14,14,14,14
Zhaotongdiqu,Yunnan,??,0,34.58333333,0,16,0,0.395833333,0,10.5,0,65.66666667,0,9.333333333,26.56,61,0.435409836,5.9,0,4.98,7.26,1.54,4,4,6,6,8,9,10,10,10,10,12,12,12,14,14,19,19,25
Baoshandiqu,Yunnan,??,0,26.66666667,0,28.70833333,0,0.48125,0,14.45833333,0,43.33333333,0,6,33.35,68,0.490441176,9.73,0,1.9,8.51,0,5,6,7,8,8,8,8,8,9,9,9,9,9,9,9,9,9,9
Lijiangdiqu,Yunnan,??,0,21.625,0,12.75,0,0.489583333,0,11.5,0,66.04166667,0,7.583333333,11.89,28.08,0.423433048,4.1,0,2.1,3.64,0.25,6,6,6,6,7,7,7,7,7,7,7,7,7,7,7,7,7,7
Lincangdiqu,Yunnan,??,0,32.54166667,0,29.04166667,1,0.95,0,18.04166667,0,30.16666667,0,10.16666667,18.4,35.18,0.523024446,2.35,0,1.8,4.17,0,0,0,1,1,1,1,1,1,1,1,1,1,1,1,1,1,1,1
Lasa,Xizang,??,0,42.125,0,18.45833333,0,0.778333333,0,30.08333333,0,48.08333333,0,6.166666667,30.81,505.42,0.060959202,11.54,0,10.7,16.87,0.6,1,1,1,1,1,1,1,1,1,1,1,1,1,1,1,1,1,1
Xian,Shaanxi,??,1,133.5,1,86.95833333,1,1.25875,0,53,0,9.083333333,0,18.91666667,576.56,833.6,0.691650672,132.39,1,79.78,114.03,18.24,22,32,39,47,0,60,70,74,80,88,96,98,104,110,114,114,114,114
Tongchuan,Shaanxi,??,1,118.7916667,1,85.20833333,1,1.17625,0,48.66666667,0,18.875,0,25.54166667,39.21,55,0.712909091,4.79,0,9.45,8.66,0,5,5,5,6,7,7,7,7,8,8,8,8,8,8,8,8,8,8
Baoji,Shaanxi,??,1,123.9583333,1,93.95833333,1,1.198333333,0,48.79166667,0,10.375,0,16.58333333,85.85,156.3,0.549264235,23.92,0,16.51,14.19,0,4,4,6,7,8,10,10,10,12,12,13,13,13,13,13,13,13,13
Xianyang,Shaanxi,??,1,155.8333333,1,108.5833333,1,1.332083333,0,54.54166667,0,6.75,0,11.16666667,91.05,507.5,0.179408867,11.91,0,14.8,15.1,0,5,6,8,9,9,11,15,15,15,16,16,17,17,17,17,17,17,17
Weinan,Shaanxi,??,1,159.5,1,85.58333333,1,1.574583333,0,58.83333333,0,7.333333333,0,20.79166667,52.43,267,0.196367041,14.99,0,5.44,8.9,2.6,4,5,5,5,6,6,9,9,9,9,13,14,14,14,14,14,15,15
Yanan,Shaanxi,??,1,103.4583333,1,89.125,1,1.968333333,0,56.70833333,0,17.875,0,14.20833333,31.12,62.06,0.501450209,13.19,0,2.13,6.01,0,3,7,7,7,7,7,7,7,7,8,8,8,8,8,8,8,8,8
Hanzhong,Shaanxi,??,1,121.625,1,103,1,1.080833333,0,29.58333333,0,23.70833333,0,8.875,53.04,131.64,0.402917046,12.95,0,6.31,8.74,1.69,6,11,13,15,15,16,19,20,21,21,21,21,21,21,21,21,21,25
Yulin,Shaanxi,??,0,75.54166667,0,50,1,1.214583333,0,25.66666667,0,66,0,21.125,57.97,302.04,0.191928221,12,0,1.8,12.35,0.83,1,1,1,1,1,1,1,2,2,3,3,3,3,3,3,3,3,3
Ankang,Shaanxi,??,0,81.33333333,0,55.20833333,0,0.7,0,30.08333333,0,28.875,0,9.208333333,33.02,160,0.206375,19.69,0,0.79,5.75,0.48,10,13,14,16,17,17,19,21,21,21,21,22,22,22,22,23,24,24
Shangluodiqu,Shaanxi,??,0,80.83333333,1,61.83333333,1,0.972916667,0,41.125,0,35.5,0,75.29166667,25.93,40,0.64825,5.7,0,0.6,2.8,0,2,2,2,2,2,5,6,6,7,7,7,7,7,7,7,7,7,7
Lanzhou,Gansu,??,1,125.75,1,73.66666667,1,2.300833333,1,93.79166667,0,19.25,0,38.375,193.01,346.1,0.557671193,53.23,1,50.58,68.56,12.83,14,15,20,23,24,26,27,27,27,32,33,33,35,35,35,35,35,35
Jinchang,Gansu,??,0,68.79166667,0,39.08333333,1,0.883333333,0,20.45833333,0,40.83333333,0,22.58333333,15.74,52.3,0.300956023,5.59,0,17.52,5.39,0,1,1,1,1,1,1,1,1,1,1,1,1,1,1,1,1,1,1
Baiyin,Gansu,??,0,79.33333333,0,53.08333333,1,1.158333333,0,36.125,0,36.875,1,90.95833333,38.01,114,0.333421053,6.28,0,21.78,6.34,0,1,1,1,1,1,1,1,2,4,4,4,4,4,4,4,4,4,4
Tianshui,Gansu,??,0,74.20833333,0,44.95833333,1,1.191666667,0,48.83333333,0,10.875,0,26,64.62,60,1.077,11.2,1,10.33,6.07,0,2,2,3,3,8,10,10,10,9,10,12,12,12,12,12,12,12,12
Zhangyediqu,Gansu,??,0,66.08333333,0,46.625,1,0.85625,0,32.625,0,34.20833333,0,12.70833333,26.06,200,0.1303,7.03,0,2.01,3.74,0.85,2,2,2,2,2,2,2,2,2,2,2,2,2,2,2,2,2,2
Dingxidiqu,Gansu,??,0,61.16666667,0,41.95833333,0,0.695833333,0,14.79166667,0,52.75,0,7.916666667,19.03,35.9,0.530083565,4.16,0,2.9,2.93,0.28,2,2,2,3,2,2,2,4,4,8,8,8,8,8,8,9,9,9
Longnandiqu,Gansu,??,0,57.6,0,29.8,1,1.106666667,0,34.26666667,0,17.8,0,31,14.84,40,0.371,2,0,0.16,2,0,1,3,3,3,4,4,4,4,4,4,4,4,4,4,4,4,4,4
Pingliangdiqu,Gansu,??,1,103.625,0,49.66666667,1,1.310416667,0,46.125,0,14.79166667,0,18.79166667,25.9,255,0.101568627,7.73,0,3,7.1,0.3,1,1,1,1,1,1,1,1,1,2,4,7,8,8,8,9,9,9
Qingyangdiqu,Gansu,??,0,95.41666667,1,71.875,1,1.125,0,31.41666667,0,32.08333333,0,24.66666667,19.83,30,0.661,7.78,0,1.15,3.51,5.5,0,0,0,0,1,1,1,2,2,2,2,3,3,3,3,3,3,3
Xining,Qinghai,??,0,85.5,1,69.20833333,1,2.943333333,0,65.91666667,0,33.04166667,0,29.70833333,125.69,380,0.330763158,24.3,0,4.28,16.57,0,6,8,9,9,12,12,14,15,15,15,15,15,15,15,15,15,15,15
Yinchuan,Ningxia,??,1,143.0833333,1,78.29166667,1,2.66875,0,62.54166667,0,16.875,0,56.83333333,105.4,1773.5,0.059430505,26.69,0,17.56,29.92,0,9,11,15,16,19,20,20,25,27,29,28,28,30,31,32,32,33,33
Shizuishan,Ningxia,???,1,270.0416667,1,165.2916667,1,4.309166667,0,53.54166667,0,15.20833333,1,107.7083333,35.91,118.2,0.303807107,20.1,0,9.65,12.1,0,0,0,0,0,0,1,1,1,1,1,1,1,1,1,1,1,1,1
Wuzhong,Ningxia,??,1,115.6666667,1,65.125,1,1.55125,0,49.125,0,15.29166667,0,29.08333333,18.75,60,0.3125,8.04,0,7.47,8.64,0.73,5,5,6,7,7,7,7,8,9,9,10,13,15,19,22,25,27,27
Guyuandiqu,Ningxia,??,0,51.91666667,0,40.04166667,1,1.247916667,0,41,0,32.41666667,0,12.58333333,17.65,52.33,0.337282629,9.99,0,1.51,8.7,2.66,1,2,2,2,2,2,2,2,2,2,2,3,3,3,5,5,5,5
Wulumuqi,Xinjiang,????,1,107.4166667,1,118.7083333,1,1.871666667,0,68.04166667,0,22.29166667,0,9.5,216.98,1528.8,0.14192831,42,1,105.57,75.32,3.44,7,8,8,8,10,12,12,15,18,18,20,20,20,20,21,23,23,23
Tulufandiqu,Xinjiang,???,1,165.125,1,107.4583333,1,2.804166667,0,63.95833333,0,20.58333333,0,17.70833333,6.9,21.87,0.315500686,3.76,0,1.06,3.91,0,1,1,1,1,1,1,1,1,1,1,1,1,1,1,1,1,2,3
Akesudiqu,Xinjiang,???,1,175.6666667,1,110.3333333,1,1.564583333,0,68.20833333,0,28.625,0,13.25,31.31,53.9,0.580890538,12.8,0,3.97,4.96,0,0,1,1,1,1,1,1,1,1,1,1,1,1,1,1,1,1,1
